sourceID,entityName,reportingCompany,entityCountry,paymentType,startDate,endDate,value(USD),notes,NRGINotes
1bbccec849e60111ebe2cc4f5a77589d,Ministry of Mines and Geology; Senegal,Eramet S.A.,Senegal,Royalties,01-01-2019,12-31-2019,8504563,,"'Ministry of Mines of Senegal' changed to 'Ministry of Mines and Geology; Senegal'"
21dc7e76d3767a74c71fd1d9df4ed97f-d0fd136bfb769da2a5781fe2fd7a5bd3-7781bb394e402aedb01c6f3492048ba2-d9cba03a0c94c2b29c1d839c43411d96,"Collection Office; Directorate General of Taxes and Domains; Ministry of Economy, Finance and Planning; Senegal",CNOOC Limited,Senegal,Fees,01-01-2018,12-31-2018,669378,,"'Chef du Division du Recouvrement Senegal' changed to 'Collection Office; Directorate General of Taxes and Domains; Ministry of Economy, Finance and Planning; Senegal'"
1ef75e7dbf93179900fe8e90b0149ca0,"Collection Office; Directorate General of Taxes and Domains; Ministry of Economy, Finance and Planning; Senegal",Kosmos Energy,Senegal,Taxes,01-01-2019,12-31-2019,215000,,"'Chef du Bureau de Recouvrement' changed to 'Collection Office; Directorate General of Taxes and Domains; Ministry of Economy, Finance and Planning; Senegal'; 'Taxes (Non-Income)' changed to 'Taxes'"
21dc7e76d3767a74c71fd1d9df4ed97f-d0fd136bfb769da2a5781fe2fd7a5bd3-7781bb394e402aedb01c6f3492048ba2-d9cba03a0c94c2b29c1d839c43411d96,Management and Cooperation Agency Between Senegal and Guinea-Bissau,CNOOC Limited,Senegal,Fees,01-01-2018,12-31-2018,125697,,"'Agence de Gestion et de Cooperation' changed to 'Management and Cooperation Agency Between Senegal and Guinea-Bissau'"
1bbccec849e60111ebe2cc4f5a77589d,Region of Thies; Senegal,Eramet S.A.,Senegal,Payments for infrastructure improvements,01-01-2019,12-31-2019,416941,,"'Thies Region' changed to 'Region of Thies; Senegal'"
29adf1e9911127ce51b59acc31716a21,"Ministry of Economy, Finance and Planning; Senegal",Eramet S.A.,Senegal,Royalties,01-01-2017,12-31-2017,4289129,,"'Ministère des mines du Sénégal' changed to 'Ministry of Economy, Finance and Planning; Senegal'"
29adf1e9911127ce51b59acc31716a21,Commune of Tivaouane; Department of Tivaouane; Region of Thies; Senegal,Eramet S.A.,Senegal,Payments for infrastructure improvements,01-01-2017,12-31-2017,347378,"Grande Côte Transactions SA (GCO) is 90% owned by TizirLimited, a company that is itself owned 50% by ERAMET and MineralDepositsLtd. The amount indicated corresponds to the totality of the payment made by GCO. (I) ""Mandatory"" social program of GCO for the execution of works or equipments for the benefit of the villagers impacted by the mining exploitation.","'Commune de Tivaouane' changed to 'Commune of Tivaouane; Department of Tivaouane; Region of Thies; Senegal'"
2f79d35d9d69aebca719bed2fd1200b4-e37693145cc9e772cdf9313e02f0c596-b318ff798a405aa39c60045250365aaf-2a0e1b8ae7c02bdd8441f2803ccd6d11,PETROSEN SA,CNOOC Limited,Senegal,Fees,01-01-2020,12-31-2020,14486
32cec8d3ada29d51965541f896a7c9e4,Etat du Sénégal C/O Fondation Total Sénégal,TotalEnergies SE (formerly Total S.A.),Senegal,Payments for infrastructure improvements,01-01-2020,12-31-2020,217000,,"'Infrastructure improvements' changed to 'Payments for infrastructure improvements'"
350e11acb435c3b100c9c0ea6014780a,Societe Des Petroles Du Senegal (Petrosen),BP plc,Senegal,Fees,01-01-2020,12-31-2020,800000,,"'Société des pétroles du Sénégal' changed to 'Societe Des Petroles Du Senegal (Petrosen)'"
32cec8d3ada29d51965541f896a7c9e4,Societe Des Petroles Du Senegal (Petrosen),TotalEnergies SE (formerly Total S.A.),Senegal,Fees,01-01-2020,12-31-2020,1119000,,"'Société des Pétroles du Sénégal' changed to 'Societe Des Petroles Du Senegal (Petrosen)'; 'License fees' changed to 'Fees'"
5e250c3e93c3e8337cbdacf088647a3b-5c1f9f75b92f961ace297a10e9837dc9-98587fcd69d9a8c95927419d56d9bffc-d2bb3dc7733635dd402b4d6e267eb3ce,Societe Des Petroles Du Senegal (Petrosen),Cairn Energy PLC,Senegal,Fees,01-01-2015,12-31-2015,107000,,"'Societe Des Petroles Du Senegal' changed to 'Societe Des Petroles Du Senegal (Petrosen)'"
b557fdd839c4475f6c488601b1016842-7bc5ef83f02e9e15d067c0695a1e8105-87a6f0e9f2b8af97e31f3a6b6894f74e-7cd690068c87c86eb0fdcecf83bfaa45,Societe Des Petroles Du Senegal (Petrosen),CNOOC Limited,Senegal,Fees,01-01-2017,12-31-2017,1712417,,"'Petrosen' changed to 'Societe Des Petroles Du Senegal (Petrosen)'"
d5cb97e90fa5e90b202f325992081b6e,Societe Des Petroles Du Senegal (Petrosen),Kosmos Energy,Senegal,Fees,01-01-2017,12-31-2017,49000,"Kosmos BP Senegal Limited (KBSL) represents a joint venture company which Kosmos Energy held a 50.01% interest in for the period March-October 2017 and 100% thereafter.  Costs in this table represents Kosmos' participating interest in the joint","'Petrosen' changed to 'Societe Des Petroles Du Senegal (Petrosen)'; 'Licence fees' changed to 'Fees'"
3a4dc438408124bd3311db05261ca18d,"General Directorate of Public Accounting and Treasury; Ministry of Economy, Finance and Planning; Senegal",Teranga Gold Corporation,Senegal,Taxes,01-01-2020,12-31-2020,8302630,"Petroleum Tax, Business tax, Waiver payment","'National government of Senegal; DGCPT (General Director of Public Accounting and Treasury / La Direction générale de la Comptabilité publique et du Trésor)' changed to 'General Directorate of Public Accounting and Treasury; Ministry of Economy, Finance and Planning; Senegal'"
afb278befc0449a3377951fd13944209,"General Directorate of Public Accounting and Treasury; Ministry of Economy, Finance and Planning; Senegal",TotalEnergies SE (formerly Total S.A.),Senegal,Bonuses,01-01-2019,12-31-2019,10000000,,"'Etat du Sénégal (Trésorier Général)' changed to 'General Directorate of Public Accounting and Treasury; Ministry of Economy, Finance and Planning; Senegal'; 'License bonus' changed to 'Bonuses'"
3a4dc438408124bd3311db05261ca18d,Directorate of Mines and Geology; Ministry of Industry and Mines; Senegal,Teranga Gold Corporation,Senegal,Fees,01-01-2020,12-31-2020,27873,"Mining Royalties. Director fees paid to government officials, Instituional support, Local government support, Social fund and donations, Surface tax","'National government of Senegal; DMG (Director of Mines and Geology / Direction des Mines et de la Géologie)' changed to 'Directorate of Mines and Geology; Ministry of Industry and Mines; Senegal'"
65902e6b3335b17a625064e9ea93a1ee,Directorate of Mines and Geology; Ministry of Industry and Mines; Senegal,Resolute Mining Limited,Senegal,Fees,01-01-2019,12-31-2019,29768,,"'Mining & Geology Department' changed to 'Directorate of Mines and Geology; Ministry of Industry and Mines; Senegal'"
d2d98fc7d314415f4fe28cf93169441a,Directorate of Mines and Geology; Ministry of Industry and Mines; Senegal,"Grupa Azoty Zaklady Chemiczne ""Police"" S.A.",Senegal,Taxes,01-01-2016,12-31-2016,118951,the main item (PLN 469 thousand) is the mining tax related to phosphorites mined in 2013 - 2014,"'Ministry Industry and mining:Directorate of Mining and geology' changed to 'Directorate of Mines and Geology; Ministry of Industry and Mines; Senegal'; 'Taxes collected on income, production or company profits, excluding tax from consumption, such as tax goods and services, income tax on natural persons or sales tax' changed to 'Taxes'"
ea9da5c61a643a49b4800158226a347a,Directorate of Mines and Geology; Ministry of Industry and Mines; Senegal,Randgold Resources Limited,Senegal,Fees,01-01-2015,12-31-2015,42300,License Fees,"'Ministre De Lindustrie et Des Mines Direction Des Mines et De La Geologie' changed to 'Directorate of Mines and Geology; Ministry of Industry and Mines; Senegal'"
3a4dc438408124bd3311db05261ca18d,"Directorate General of Taxes and Domains; Ministry of Economy, Finance and Planning; Senegal",Teranga Gold Corporation,Senegal,Taxes,01-01-2020,12-31-2020,18335500,"Input VAT - non-recoverable, Withholding tax on services, Income tax, IRVM","'National government of Senegal; DGID (Directorate General of Taxes and Domains / Direction Générale des Impôts et des Domaines)' changed to 'Directorate General of Taxes and Domains; Ministry of Economy, Finance and Planning; Senegal'"
3a4dc438408124bd3311db05261ca18d,Directorate of Environment and Classified Establishments; Ministry of the Environment and Sustainable Development; Senegal,Teranga Gold Corporation,Senegal,Taxes,01-01-2020,12-31-2020,173726,Water and forestry taxes,"'National government of Senegal; DEEC (Direction de l'Environnement et des Etablissements Classés' changed to 'Directorate of Environment and Classified Establishments; Ministry of the Environment and Sustainable Development; Senegal'"
3a4dc438408124bd3311db05261ca18d,"Directorate of Water, Forests, Hunting and Soil Conservation; Ministry of the Environment and Sustainable Development; Senegal",Teranga Gold Corporation,Senegal,Fees,01-01-2020,12-31-2020,554157,Water and forestry fees,"'National government of Senegal; DEFCCS (Forestry Directorate / La Direction des Eaux et Forêts, Chasses et de la Conservation des sols)' changed to 'Directorate of Water, Forests, Hunting and Soil Conservation; Ministry of the Environment and Sustainable Development; Senegal'"
4f699ccd5fdc2a70de9b952f6151c20a,Retirement Pension Institution; Senegal,Teranga Gold Corporation,Senegal,Taxes,01-01-2016,12-31-2016,301000,Social security and pension,"'Linstitution De Prvoyance Retraite Du Sngal Ipres' changed to 'Retirement Pension Institution; Senegal'"
4f699ccd5fdc2a70de9b952f6151c20a,"Social Security Fund; Ministry of Economy, Finance and Planning; Senegal",Teranga Gold Corporation,Senegal,Taxes,01-01-2016,12-31-2016,43000,Social security and pension,"'Caisse De Scurit Sociale Css' changed to 'Social Security Fund; Ministry of Economy, Finance and Planning; Senegal'"
4f699ccd5fdc2a70de9b952f6151c20a,"General Directorate of Customs; Ministry of Economy, Finance and Planning; Senegal",Teranga Gold Corporation,Senegal,Taxes,01-01-2016,12-31-2016,3770000,Customs duties and Community parafiscal levies,"'Direction Genrale Des Douane (DGD)' changed to 'General Directorate of Customs; Ministry of Economy, Finance and Planning; Senegal'"
d2d98fc7d314415f4fe28cf93169441a,"General Directorate of Customs; Ministry of Economy, Finance and Planning; Senegal","Grupa Azoty Zaklady Chemiczne ""Police"" S.A.",Senegal,Taxes,01-01-2016,12-31-2016,48189,,"'General Directorate to customs duties' changed to 'General Directorate of Customs; Ministry of Economy, Finance and Planning; Senegal'; 'Taxes collected on income, production or company profits, excluding tax from consumption, such as tax goods and services, income tax on natural persons or sales tax' changed to 'Taxes'"
6270a71eafb44b9a92d3bbe2d4613858,National Government of Senegal,Iamgold Corporation,Senegal,Taxes,01-01-2020,12-31-2020,260000,"Paid in CFA and USD. Bonuses includes the
10% free-carried interest transferred to theNational Government of Senegal to the value of$3.6 million"
65902e6b3335b17a625064e9ea93a1ee,Kedougou Departmental & Tomboronkoto Municipal Administrations,Resolute Mining Limited,Senegal,Payments for infrastructure improvements,01-01-2019,12-31-2019,136642,,"'Infrastructure Improvement' changed to 'Payments for infrastructure improvements'"
65902e6b3335b17a625064e9ea93a1ee,General Directorate of Public Accounting and Treasury; Ministry of Finance and Budget; Senegal,Resolute Mining Limited,Senegal,Royalties,01-01-2019,12-31-2019,3705340,,"'Receiver General of Public Treasury (Ministry of Finance)' changed to 'General Directorate of Public Accounting and Treasury; Ministry of Finance and Budget; Senegal'"
7d050b3fa4b9514a9913b9f505612c9d,Regional Government,Vicat S.A.,Senegal,Royalties,01-01-2017,12-31-2017,1507420,,"'Niveau National' changed to 'Regional Government'"
7d050b3fa4b9514a9913b9f505612c9d,Local Government,Vicat S.A.,Senegal,Taxes,01-01-2017,12-31-2017,2291640,,"'Niveau Local' changed to 'Local Government'; 'Taxes and duties on production' changed to 'Taxes'"
81388bb3c90accc489cb2ce097e66d3e,Government of Senegal; Perception of Kedougou,Thor Explorations Ltd.,Senegal,Fees,01-01-2020,12-31-2020,1464,Payment of license renewal fees and permitting costs.
81388bb3c90accc489cb2ce097e66d3e,Government of Senegal; Saraya Forest Sector,Thor Explorations Ltd.,Senegal,Fees,01-01-2020,12-31-2020,5888,Payment of permitting costs.
853c2e851d9e7ead5fd725fa45b6b209,Regional Service of Mines; Region of Kedougou; Senegal,Thor Explorations Ltd.,Senegal,Fees,01-01-2019,12-31-2019,5616,"Payment of license renewal fees. Note: Fees were paid in the local currency, West African Franc, and converted to Thor's reporting currency, the CAD, using the 2019 FX rate of 444.94 at the date of payment","'Government of Senegal; Kedougou regional mining service' changed to 'Regional Service of Mines; Region of Kedougou; Senegal'"
ab1354a0a521c48082b1d7c33412f92a,City of Tivaouane; Department of Tivaouane; Region of Thies; Senegal,Eramet S.A.,Senegal,Payments for infrastructure improvements,01-01-2018,12-31-2018,416179,"""Mandatory"" social program of GO for the execution of equipment works for villagers affected by the exploitation minière; The company Grande Côte Opérations SA (GCO) is 90% owned by Tizir Limited, a company that is owned 50% by Eramet until July 2018 and then 100% following Eramet's tender offer. Mineral Deposits Ltd. The amount indicated corresponds to the totality of the payment made by GCO during the year 2018.","'Municipality of Tivaouane' changed to 'City of Tivaouane; Department of Tivaouane; Region of Thies; Senegal'"
ab1354a0a521c48082b1d7c33412f92a,Autonomous Port of Dakar; Senegak,Eramet S.A.,Senegal,Fees,01-01-2018,12-31-2018,130223,"The company Grande Côte Opérations SA (GCO) is 90% owned by Tizir Limited, a company that is owned 50% by Eramet until July 2018 and then 100% following Eramet's tender offer. Mineral Deposits Ltd. The amount indicated corresponds to the totality of the payment made by GCO during the year 2018.","'Autonomous Port of Dakar' changed to 'Autonomous Port of Dakar; Senegak'; 'Rental fees' changed to 'Fees'"
afb278befc0449a3377951fd13944209,Government of the Republic of Senegal,TotalEnergies SE (formerly Total S.A.),Senegal,Payments for infrastructure improvements,01-01-2019,12-31-2019,350000,,"'Etat du Sénégal C/O Fondation Total Sénegal' changed to 'Government of the Republic of Senegal'; 'Infrastructure improvements' changed to 'Payments for infrastructure improvements'"
b5b5dae40f7aab4c5642a09ef6211078,Ministry of Industry and Mines; Senegal,Eramet S.A.,Senegal,Royalties,01-01-2015,12-31-2015,2537707,,"'Ministère de l'Industrie, des Mines - Service régional de Thies' changed to 'Ministry of Industry and Mines; Senegal'"
b6cdc144d3420f3ef94f819be4416ffa,Commune of Kebemer; Department of Kebemer; Region of Louga; Senegal,"Grupa Azoty Zaklady Chemiczne ""Police"" S.A.",Senegal,Taxes,01-01-2017,12-31-2017,542406,główną pozycję (w kwocie 2 044 tys. zł) stanowi podatek od dochodów niehandlowych (podatek u źródła w stawce 20%),"'Kebemer' changed to 'Commune of Kebemer; Department of Kebemer; Region of Louga; Senegal'; 'Podatki pobierane od dochodu, produkcji lub zysków spółek, z wyłączeniem podatku od konsumpcji, takiego jak podatek od towarów i usług, podatku dochodowego od osób fizycznych lub podatku od sprzedaży' changed to 'Taxes'"
b6cdc144d3420f3ef94f819be4416ffa,Individual level payments,"Grupa Azoty Zaklady Chemiczne ""Police"" S.A.",Senegal,Taxes,01-01-2017,12-31-2017,202738,główną pozycję (w kwocie 433 tys. zł) stanowi opłata dotycząca 5% podatku od sprzedaży w lipcu 2013 roku testowej partii fosforytów,"'Płatnosci na poziomie jednostki' changed to 'Individual level payments'; 'Podatki pobierane od dochodu, produkcji lub zysków spółek, z wyłączeniem podatku od konsumpcji, takiego jak podatek od towarów i usług, podatku dochodowego od osób fizycznych lub podatku od sprzedaży' changed to 'Taxes'"
d2d98fc7d314415f4fe28cf93169441a,General Directorate of Taxes and the Treasury | Tax Office | Local Government,"Grupa Azoty Zaklady Chemiczne ""Police"" S.A.",Senegal,Taxes,01-01-2016,12-31-2016,930307,the main position (in the amount of PLN 3 337 thousand) is a tax on non-commercial income (tax on sources in the 20% rate),"'General Directorate of Taxes and the Treasury: tax office, local government' changed to 'General Directorate of Taxes and the Treasury | Tax Office | Local Government'; 'Taxes collected on income, production or company profits, excluding tax from consumption, such as tax goods and services, income tax on natural persons or sales tax' changed to 'Taxes'"
e04fcf3ffac88b92c056525aff1633f7,"Government of Sénégal; Agence de Gestion et de 
Coopération entre le Sénégal et la Guinée-Bissau",Forza Petroleum Limited,Senegal,Fees,01-01-2020,12-31-2020,117500,"Production sharing contract 
compliance costs. See note (3)."
e5692fac6c9dd504d3eb768d1ebd0cd1,Ministry of Economy and Finance; Senegal,Eramet S.A.,Senegal,Royalties,01-01-2016,12-31-2016,3661356,,"'Ministre Des Finances Du Senegal' changed to 'Ministry of Economy and Finance; Senegal'; 'Redevances' changed to 'Royalties'"